{
  "product": {
    "precision": 0.9795918367346939,
    "recall": 0.897196261682243,
    "f1-score": 0.9365853658536586,
    "support": 107,
    "confused_with": {}
  },
  "micro avg": {
    "precision": 0.9795918367346939,
    "recall": 0.897196261682243,
    "f1-score": 0.9365853658536586,
    "support": 107
  },
  "macro avg": {
    "precision": 0.9795918367346939,
    "recall": 0.897196261682243,
    "f1-score": 0.9365853658536586,
    "support": 107
  },
  "weighted avg": {
    "precision": 0.9795918367346939,
    "recall": 0.897196261682243,
    "f1-score": 0.9365853658536586,
    "support": 107
  },
  "accuracy": 0.9760589318600368
}