{
  "product": {
    "precision": 1.0,
    "recall": 0.9934640522875817,
    "f1-score": 0.9967213114754099,
    "support": 612,
    "confused_with": {}
  },
  "micro avg": {
    "precision": 1.0,
    "recall": 0.9934640522875817,
    "f1-score": 0.9967213114754099,
    "support": 612
  },
  "macro avg": {
    "precision": 1.0,
    "recall": 0.9934640522875817,
    "f1-score": 0.9967213114754099,
    "support": 612
  },
  "weighted avg": {
    "precision": 1.0,
    "recall": 0.9934640522875817,
    "f1-score": 0.9967213114754099,
    "support": 612
  },
  "accuracy": 0.9985940246045695
}